,Class 0,Class 1,Class 2,Class 3,Class 4,Class 5
baseline_model,0.6024096385542169,0.6024096385542169,0.5813953488372093,0.6410256410256411,0.6097560975609756,0.6329113924050633
improved_model,0.8125,0.7831325301204819,0.7142857142857143,0.7926829268292683,0.7831325301204819,0.8227848101265823
experimental_model,0.6363636363636364,0.4878048780487805,0.6422018348623854,0.43010752688172044,0.6086956521739131,0.45977011494252873
