{
  "baseline_model": {
    "accuracy": 0.6109979633401222,
    "precision_macro": 0.6171081420894353,
    "recall_macro": 0.6116512928228871,
    "f1_macro": 0.6126729124578053,
    "precision_weighted": 0.6172921653965554,
    "recall_weighted": 0.6109979633401222,
    "f1_weighted": 0.6123931940049204,
    "class_precision": [
      0.6329113924050633,
      0.5747126436781609,
      0.6944444444444444,
      0.6410256410256411,
      0.5102040816326531,
      0.6493506493506493
    ],
    "class_recall": [
      0.6024096385542169,
      0.6024096385542169,
      0.5813953488372093,
      0.6410256410256411,
      0.6097560975609756,
      0.6329113924050633
    ],
    "class_f1": [
      0.6172839506172839,
      0.5882352941176471,
      0.6329113924050633,
      0.6410256410256411,
      0.5555555555555556,
      0.6410256410256411
    ],
    "class_names": [
      "Class 0",
      "Class 1",
      "Class 2",
      "Class 3",
      "Class 4",
      "Class 5"
    ],
    "confusion_matrix": [
      [
        50,
        0,
        9,
        13,
        6,
        5
      ],
      [
        4,
        50,
        1,
        10,
        13,
        5
      ],
      [
        8,
        14,
        50,
        2,
        10,
        2
      ],
      [
        2,
        9,
        1,
        50,
        7,
        9
      ],
      [
        3,
        11,
        9,
        3,
        50,
        6
      ],
      [
        12,
        3,
        2,
        0,
        12,
        50
      ]
    ]
  },
  "improved_model": {
    "accuracy": 0.7831325301204819,
    "precision_macro": 0.7879186140108856,
    "recall_macro": 0.7847530852470882,
    "f1_macro": 0.7848577133119905,
    "precision_weighted": 0.7877871608670491,
    "recall_weighted": 0.7831325301204819,
    "f1_weighted": 0.783951870261314,
    "class_precision": [
      0.7471264367816092,
      0.8227848101265823,
      0.8024691358024691,
      0.8227848101265823,
      0.6770833333333334,
      0.8552631578947368
    ],
    "class_recall": [
      0.8125,
      0.7831325301204819,
      0.7142857142857143,
      0.7926829268292683,
      0.7831325301204819,
      0.8227848101265823
    ],
    "class_f1": [
      0.7784431137724551,
      0.8024691358024691,
      0.7558139534883721,
      0.8074534161490683,
      0.7262569832402235,
      0.8387096774193549
    ],
    "class_names": [
      "Class 0",
      "Class 1",
      "Class 2",
      "Class 3",
      "Class 4",
      "Class 5"
    ],
    "confusion_matrix": [
      [
        65,
        4,
        0,
        4,
        7,
        0
      ],
      [
        6,
        65,
        3,
        3,
        6,
        0
      ],
      [
        2,
        8,
        65,
        1,
        8,
        7
      ],
      [
        1,
        0,
        8,
        65,
        8,
        0
      ],
      [
        6,
        0,
        4,
        4,
        65,
        4
      ],
      [
        7,
        2,
        1,
        2,
        2,
        65
      ]
    ]
  },
  "experimental_model": {
    "accuracy": 0.5536912751677853,
    "precision_macro": 0.5476215389976028,
    "recall_macro": 0.5441572738788274,
    "f1_macro": 0.5444106783231675,
    "precision_weighted": 0.5516567120267671,
    "recall_weighted": 0.5536912751677853,
    "f1_weighted": 0.5512669284162999,
    "class_precision": [
      0.5882352941176471,
      0.5633802816901409,
      0.5882352941176471,
      0.5128205128205128,
      0.5785123966942148,
      0.45454545454545453
    ],
    "class_recall": [
      0.6363636363636364,
      0.4878048780487805,
      0.6422018348623854,
      0.43010752688172044,
      0.6086956521739131,
      0.45977011494252873
    ],
    "class_f1": [
      0.611353711790393,
      0.5228758169934641,
      0.6140350877192983,
      0.4678362573099415,
      0.5932203389830508,
      0.45714285714285713
    ],
    "class_names": [
      "Class 0",
      "Class 1",
      "Class 2",
      "Class 3",
      "Class 4",
      "Class 5"
    ],
    "confusion_matrix": [
      [
        70,
        6,
        9,
        6,
        13,
        6
      ],
      [
        7,
        40,
        14,
        5,
        6,
        10
      ],
      [
        5,
        9,
        70,
        9,
        8,
        8
      ],
      [
        12,
        6,
        11,
        40,
        11,
        13
      ],
      [
        14,
        5,
        5,
        10,
        70,
        11
      ],
      [
        11,
        5,
        10,
        8,
        13,
        40
      ]
    ]
  }
}